"Aufwand und Ertrag","Betriebstyp","2010","2011","2012","2013","2014","2015","2016","2017","2018","2019","2020","2021","2022","2023","2024"
"Aufwand - Total","Spitäler - Total",23286637907,24179776665,25476125232,26494110839,27285190157,28240473412,29291357554,30038191186,30506067194,31529082125,32114490841,33293549748,34345035748,36110407082,36945573371
"Aufwand - Total","<< Allgemeine Krankenhäuser",18917366183,19644352153,20710391736,21372947548,22067227100,22795779819,23400200927,23974526577,24359208565,25414659351,25993701828,26882757637,27301030539,28954795326,29574381429
"Aufwand - Total","....Zentrumsversorgung",13277553115,13817426832,14694704448,16791137456,17340779305,18057903577,19470757590,19981567970,20283697673,21088126332,21635973398,22374847875,23189496823,24511011224,25030018521
"Aufwand - Total","....Grundversorgung",5639813068,5826925321,6015687288,4581810092,4726447795,4737876242,3929443337,3992958607,4075510892,4326533019,4357728430,4507909762,4111533716,4443784102,4544362908
"Aufwand - Total","<< Spezialkliniken",4369271724,4535424512,4765733496,5121163291,5217963057,5444693593,5891156627,6063664609,6146858629,6114422774,6120789013,6410792111,7044005209,7155611756,7371191942
"Aufwand - Total","....Psychiatrische Kliniken",1765654114,1829253755,1903229704,2086052825,2085861525,2125276008,2213946331,2276042912,2318902840,2301714051,2359159035,2429361173,2694884034,2700042972,2718341308
"Aufwand - Total","....Rehabilitationskliniken",826312744,859920178,907479678,960902247,1036284608,1126063694,1295792618,1292475977,1335728576,1336938900,1346781766,1406042646,1482698259,1573434611,1607423851
"Aufwand - Total","....Andere Spezialkliniken",1777304866,1846250579,1955024114,2074208219,2095816924,2193353891,2381417678,2495145720,2492227213,2475769823,2414848212,2575388292,2866422916,2882134173,3045426783
"< Personalaufwand","Spitäler - Total",14854947973,15345018199,15969760810,16604935643,17164260028,17755639478,18416327407,18846620812,19136453456,19581689021,20086617322,20700391178,21268919222,22323714460,22983790880
"< Personalaufwand","<< Allgemeine Krankenhäuser",11933347338,12351954437,12864095288,13284336959,13742899418,14179726116,14619383957,14973943740,15199206407,15667677831,16103119893,16584890652,16820857478,17729551254,18264119066
"< Personalaufwand","....Zentrumsversorgung",8617956945,8922448761,9432718168,10660724803,11033042522,11493653372,12418816888,12751043723,12917390099,13284128218,13691761590,14111386502,14583024728,15301139585,15770023543
"< Personalaufwand","....Grundversorgung",3315390393,3429505676,3431377120,2623612156,2709856896,2686072744,2200567069,2222900017,2281816308,2383549613,2411358303,2473504150,2237832750,2428411669,2494095523
"< Personalaufwand","<< Spezialkliniken",2921600635,2993063762,3105665522,3320598684,3421360610,3575913362,3796943450,3872677072,3937247049,3914011190,3983497429,4115500526,4448061744,4594163206,4719671814
"< Personalaufwand","....Psychiatrische Kliniken",1288619179,1334195764,1377404687,1525384102,1542607694,1566595996,1650838893,1704127304,1735892402,1720592272,1777502598,1821800779,2007685846,2016543005,2036443846
"< Personalaufwand","....Rehabilitationskliniken",564873362,590320100,611341470,641473180,698856509,755758114,865503455,858054627,870094121,888715048,892681572,927027261,975491068,1028950712,1050030667
"< Personalaufwand","....Andere Spezialkliniken",1068108094,1068547898,1116919365,1153741402,1179896407,1253559252,1280601102,1310495141,1331260526,1304703870,1313313259,1366672486,1464884830,1548669489,1633197301
".. Lohnaufwand - Total","Spitäler - Total",11779803570,12159267913,12712462747,13215766196,13693585471,14173504580,14623500986,14972007010,15252909760,15662282975,16093613305,16638344187,17119734209,18115485038,18635732031
".. Lohnaufwand - Total","<< Allgemeine Krankenhäuser",9424635955,9721001870,10180998299,10515231667,10912833929,11253563323,11537948446,11833855190,12063414421,12477067235,12855536492,13303128544,13516757841,14386770154,14807826594
".. Lohnaufwand - Total","....Zentrumsversorgung",6831406177,7037953982,7446942802,8414148733,8715324887,9072564987,9754583817,10041085561,10218446805,10544520237,10891988241,11285932053,11700802561,12402532302,12758127852
".. Lohnaufwand - Total","....Grundversorgung",2593229778,2683047888,2734055497,2101082934,2197509042,2180998336,1783364629,1792769629,1844967616,1932546998,1963548251,2017196491,1815955280,1984237852,2049698742
".. Lohnaufwand - Total","<< Spezialkliniken",2355167615,2438266043,2531464448,2700534529,2780751542,2919941257,3085552540,3138151820,3189495339,3185215740,3238076813,3335215643,3602976368,3728714884,3827905437
".. Lohnaufwand - Total","....Psychiatrische Kliniken",1066498703,1099273971,1140034519,1249403555,1264589019,1289205768,1353108167,1383793493,1413589330,1408143285,1454429609,1491065168,1641565268,1640434965,1664578283
".. Lohnaufwand - Total","....Rehabilitationskliniken",464952944,487179158,505114645,529054827,576716558,627693393,715456989,708670918,721531403,741350164,742627559,764820202,799615896,853217233,859567878
".. Lohnaufwand - Total","....Andere Spezialkliniken",823715968,851812914,886315284,922076147,939445965,1003042096,1016987384,1045687409,1054374606,1035722291,1041019645,1079330273,1161795204,1235062686,1303759276
"... Lohnaufwand - Ärztinnen und Ärzte","Spitäler - Total",2602585935,2722528153,2874382345,3023611734,3140446317,3298589529,3422089313,3540208227,3660279795,3824967595,4001311048,4170647633,4330825798,4690459861,4837622853
"... Lohnaufwand - Ärztinnen und Ärzte","<< Allgemeine Krankenhäuser",2134857786,2237189060,2360597416,2466230161,2574237058,2717606406,2812661389,2930840136,3018466551,3182413388,3338899173,3504263481,3609391707,3938871287,4071857370
"... Lohnaufwand - Ärztinnen und Ärzte","....Zentrumsversorgung",1657020173,1722808015,1825028629,2071322908,2151477333,2294699295,2469475114,2583726184,2649810657,2789880950,2936838483,3079002668,3228011749,3504318025,3607997013
"... Lohnaufwand - Ärztinnen und Ärzte","....Grundversorgung",477837613,514381045,535568787,394907253,422759725,422907111,343186275,347113952,368655894,392532438,402060690,425260813,381379958,434553262,463860357
"... Lohnaufwand - Ärztinnen und Ärzte","<< Spezialkliniken",467728149,485339093,513784929,557381573,566209259,580983123,609427924,609368091,641813244,642554207,662411875,666384152,721434091,751588574,765765483
"... Lohnaufwand - Ärztinnen und Ärzte","....Psychiatrische Kliniken",238209683,244949790,254920391,284838087,284048512,280048034,300322385,308243428,332326637,308223161,323352134,317674698,355149923,360844874,353875017
"... Lohnaufwand - Ärztinnen und Ärzte","....Rehabilitationskliniken",66966684,70077224,70363413,74764411,81926764,89826042,102965317,97725649,106653960,110274426,110503259,115072905,117334884,126114964,121542590
"... Lohnaufwand - Ärztinnen und Ärzte","....Andere Spezialkliniken",162551782,170312079,188501125,197779075,200233983,211109047,206140222,203399014,202832647,224056620,228556482,233636549,248949284,264628736,290347876
"... Lohnaufwand - Pflegepersonal","Spitäler - Total",4012489129,4250994276,4471320722,4683179333,4829918546,4941203707,5030163733,5097623984,5098040553,5208257810,5382577256,5519461543,5647879969,5971767971,6133449792
"... Lohnaufwand - Pflegepersonal","<< Allgemeine Krankenhäuser",3158250236,3384245271,3569082057,3731074365,3849949225,3915503235,3965489055,4031948880,4019085266,4143607456,4310420663,4412773307,4453157020,4727443274,4868824595
"... Lohnaufwand - Pflegepersonal","....Zentrumsversorgung",2281875752,2465535592,2625942023,2959021254,3029667120,3108296970,3322170476,3380698235,3367735365,3453256554,3614019174,3691077353,3796340293,4014898365,4135603335
"... Lohnaufwand - Pflegepersonal","....Grundversorgung",876374484,918709679,943140034,772053111,820282105,807206265,643318579,651250645,651349901,690350902,696401489,721695954,656816727,712544909,733221260
"... Lohnaufwand - Pflegepersonal","<< Spezialkliniken",854238893,866749005,902238665,952104968,979969321,1025700472,1064674678,1065675104,1078955287,1064650354,1072156593,1106688236,1194722949,1244324697,1264625197
"... Lohnaufwand - Pflegepersonal","....Psychiatrische Kliniken",443093020,442970679,458054835,487679791,489249546,490813763,502958243,509109516,513476479,510249796,514546524,523398804,570951563,572291667,581475211
"... Lohnaufwand - Pflegepersonal","....Rehabilitationskliniken",141436850,145265939,153427673,162356215,178497663,192413982,223316240,215129193,222699624,227242704,230348831,239969623,252540530,273771740,277567347
"... Lohnaufwand - Pflegepersonal","....Andere Spezialkliniken",269709023,278512387,290756157,302068962,312222112,342472727,338400195,341436395,342779184,327157854,327261238,343319809,371230856,398261290,405582639
"... Lohnaufwand - Medizinisch-technisches Personal","Spitäler - Total",1877630989,1755037964,1653859896,1657179437,1704668566,1729151657,1828783292,1851640155,1859546230,1849609610,1794619992,1852604694,1903165572,1964282388,1921319935
"... Lohnaufwand - Medizinisch-technisches Personal","<< Allgemeine Krankenhäuser",1696713597,1594694505,1488930237,1493314171,1551867804,1556492554,1632945255,1640122411,1653781471,1654928444,1606085325,1652652217,1690913801,1756195955,1705905934
"... Lohnaufwand - Medizinisch-technisches Personal","....Zentrumsversorgung",1157621602,1052059319,982248039,1166655737,1224892680,1238358810,1341599506,1358680857,1353870842,1364663159,1322945275,1380244610,1435096601,1484941887,1431260447
"... Lohnaufwand - Medizinisch-technisches Personal","....Grundversorgung",539091995,542635186,506682198,326658434,326975124,318133744,291345749,281441554,299910629,290265285,283140050,272407607,255817200,271254068,274645487
"... Lohnaufwand - Medizinisch-technisches Personal","<< Spezialkliniken",180917392,160343459,164929659,163865266,152800762,172659103,195838037,211517744,205764759,194681166,188534667,199952477,212251771,208086433,215414001
"... Lohnaufwand - Medizinisch-technisches Personal","....Psychiatrische Kliniken",40300268,29306967,29188528,23756646,21265742,35632932,36079863,43110900,32304053,33769002,33572329,42568166,41228039,30610006,29132058
"... Lohnaufwand - Medizinisch-technisches Personal","....Rehabilitationskliniken",19404970,13213931,16759747,11687943,11215411,11529310,14583562,19235633,22062831,19189468,19244596,13671675,14755121,15956247,29805999
"... Lohnaufwand - Medizinisch-technisches Personal","....Andere Spezialkliniken",121212154,117822561,118981384,128420677,120319609,125496861,145174612,149171211,151397875,141722696,135717742,143712636,156268611,161520180,156475944
"... Lohnaufwand - Medizinisch-therapeutisches Personal","Spitäler - Total",577658239,548228290,684747481,706370287,722622481,742743176,757462876,763931386,808848527,833420079,869717422,905513038,931816601,963143943,1005443563
"... Lohnaufwand - Medizinisch-therapeutisches Personal","<< Allgemeine Krankenhäuser",334919190,287278363,396976408,380006392,390270128,403975229,397194317,406095559,436597509,451604756,467089799,485068162,475538328,496279389,528416106
"... Lohnaufwand - Medizinisch-therapeutisches Personal","....Zentrumsversorgung",221361928,190906789,271126802,276692482,299111499,311915622,322632254,334738609,361187793,375281126,380000219,388698195,408868001,429352612,456737949
"... Lohnaufwand - Medizinisch-therapeutisches Personal","....Grundversorgung",113557262,96371574,125849606,103313910,91158629,92059607,74562063,71356950,75409716,76323630,87089580,96369967,66670327,66926777,71678157
"... Lohnaufwand - Medizinisch-therapeutisches Personal","<< Spezialkliniken",242739049,260949927,287771073,326363895,332352353,338767947,360268559,357835827,372251018,381815323,402627623,420444876,456278273,466864554,477027457
"... Lohnaufwand - Medizinisch-therapeutisches Personal","....Psychiatrische Kliniken",81268580,97054938,116490718,142164908,140761978,137713131,153663317,148481819,157239713,172435671,178972148,192179859,218581832,223877400,222924579
"... Lohnaufwand - Medizinisch-therapeutisches Personal","....Rehabilitationskliniken",92432751,99984191,101807717,110787250,117440078,121627158,137584675,135805314,137686719,140949305,146142108,153268458,160768025,163086516,155846012
"... Lohnaufwand - Medizinisch-therapeutisches Personal","....Andere Spezialkliniken",69037718,63910798,69472638,73411737,74150297,79427658,69020567,73548694,77324586,68430347,77513367,74996559,76928416,79900638,98256866
"... Lohnaufwand - Sozialdienste","Spitäler - Total",92044092,94071029,90795165,100326297,99453684,106742120,119237239,124678050,129079040,134647198,158559486,162595936,150228523,161642072,183134794
"... Lohnaufwand - Sozialdienste","<< Allgemeine Krankenhäuser",58622810,51225424,52741122,60568239,58122784,63706076,72256550,75379926,76692885,77607551,85105168,89346511,72304941,78680081,84854655
"... Lohnaufwand - Sozialdienste","....Zentrumsversorgung",52110723,43663872,45324781,53290990,50659462,55084463,65817960,68014896,69790610,70698616,77934381,80284124,66009379,72063303,77020131
"... Lohnaufwand - Sozialdienste","....Grundversorgung",6512087,7561552,7416341,7277249,7463322,8621613,6438590,7365030,6902275,6908935,7170787,9062387,6295562,6616778,7834524
"... Lohnaufwand - Sozialdienste","<< Spezialkliniken",33421282,42845605,38054043,39758058,41330900,43036044,46980689,49298124,52386155,57039647,73454318,73249425,77923582,82961991,98280139
"... Lohnaufwand - Sozialdienste","....Psychiatrische Kliniken",21791304,30151301,26633022,28286030,28390146,30607252,34506123,35357734,39415705,44355446,59986675,60021542,64373154,66875518,74697047
"... Lohnaufwand - Sozialdienste","....Rehabilitationskliniken",4198124,4885305,3521625,3352071,3784501,4114700,5748972,6272888,4987940,5542233,5441906,5225328,5360686,6461269,7039527
"... Lohnaufwand - Sozialdienste","....Andere Spezialkliniken",7431854,7808999,7899396,8119957,9156253,8314092,6725594,7667502,7982510,7141968,8025737,8002555,8189742,9625204,16543565
"... Lohnaufwand - Hausdienstpersonal","Spitäler - Total",1063633714,1090210963,1113253773,1147729438,1175281232,1225633934,1236722345,1246541231,1229082130,1265959715,1267222657,1268126826,1332067444,1342654211,1396221390
"... Lohnaufwand - Hausdienstpersonal","<< Allgemeine Krankenhäuser",799704010,809443328,833689610,853625911,872408805,896481009,887958224,899384577,884788870,928655047,931313410,927273206,971756921,970263509,1025403178
"... Lohnaufwand - Hausdienstpersonal","....Zentrumsversorgung",533457137,530625138,563866307,639287713,656328228,678178286,712927909,725597176,705411610,743322564,749256586,754820976,814735061,807476736,859496303
"... Lohnaufwand - Hausdienstpersonal","....Grundversorgung",266246873,278818190,269823303,214338198,216080577,218302723,175030315,173787401,179377260,185332483,182056824,172452230,157021860,162786773,165906875
"... Lohnaufwand - Hausdienstpersonal","<< Spezialkliniken",263929704,280767635,279564163,294103527,302872427,329152925,348764121,347156654,344293260,337304668,335909247,340853620,360310523,372390702,370818212
"... Lohnaufwand - Hausdienstpersonal","....Psychiatrische Kliniken",111935112,117544713,119244951,126494023,127837207,133766569,135925923,135503893,132477680,127431430,125547203,128505511,134541238,132074428,129988933
"... Lohnaufwand - Hausdienstpersonal","....Rehabilitationskliniken",74219738,82115913,82972706,85722293,94580971,106953452,119096352,116937351,115178546,117521460,117901760,118947874,124041171,131090035,129461281
"... Lohnaufwand - Hausdienstpersonal","....Andere Spezialkliniken",77774854,81107009,77346506,81887211,80454249,88432904,93741846,94715410,96637034,92351778,92460284,93400235,101728114,109226239,111367998
"... Lohnaufwand - Technische Dienste","Spitäler - Total",346181244,344268466,353986464,344697798,358546732,361812803,378781221,391593380,408960827,402531765,395769397,407462229,443376722,437858920,436179914
"... Lohnaufwand - Technische Dienste","<< Allgemeine Krankenhäuser",276872003,272763710,283860007,272032321,281242006,281316896,296734152,307179620,328833365,319212437,316792243,330507890,360850558,355766937,351879189
"... Lohnaufwand - Technische Dienste","....Zentrumsversorgung",215556920,214412792,219927453,224596202,228118418,232312945,254850717,257652781,287333199,270966551,267076129,274329700,312661655,286217912,302137843
"... Lohnaufwand - Technische Dienste","....Grundversorgung",61315083,58350918,63932554,47436119,53123588,49003951,41883435,49526839,41500166,48245886,49716114,56178190,48188903,69549025,49741346
"... Lohnaufwand - Technische Dienste","<< Spezialkliniken",69309241,71504756,70126457,72665477,77304726,80495907,82047069,84413760,80127462,83319328,78977154,76954339,82526164,82091983,84300725
"... Lohnaufwand - Technische Dienste","....Psychiatrische Kliniken",37462775,38379939,37574120,40664707,42775039,42345436,41772052,43384641,39527538,40491631,41865184,41056581,43316116,40253444,42074504
"... Lohnaufwand - Technische Dienste","....Rehabilitationskliniken",14226951,15529424,15169853,15432611,17739905,19846780,20348166,20736750,19996944,22780051,18629870,17734571,18029738,19214662,18094507
"... Lohnaufwand - Technische Dienste","....Andere Spezialkliniken",17619515,17595393,17382484,16568159,16789782,18303691,19926851,20292369,20602980,20047646,18482100,18163187,21180310,22623877,24131714
"... Lohnaufwand - Administrativpersonal","Spitäler - Total",1207580228,1353928772,1470116901,1552671872,1662647913,1767627654,1850260967,1955790597,2059072658,2142889203,2223836047,2351932288,2380373580,2583675672,2722359790
"... Lohnaufwand - Administrativpersonal","<< Allgemeine Krankenhäuser",964696323,1084162209,1195121442,1258380107,1334736119,1418481918,1472709504,1542904081,1645168504,1719038156,1799830711,1901243770,1882844565,2063269722,2170685567
"... Lohnaufwand - Administrativpersonal","....Zentrumsversorgung",712401942,817942465,913478768,1023281447,1075070147,1153718596,1265109881,1331976823,1423306729,1476450717,1543917994,1637474427,1639079822,1803263462,1887874831
"... Lohnaufwand - Administrativpersonal","....Grundversorgung",252294381,266219744,281642674,235098660,259665972,264763322,207599623,210927258,221861775,242587439,255912717,263769343,243764743,260006260,282810736
"... Lohnaufwand - Administrativpersonal","<< Spezialkliniken",242883905,269766563,274995459,294291765,327911794,349145736,377551463,412886516,413904154,423851047,424005336,450688518,497529015,520405950,551674223
"... Lohnaufwand - Administrativpersonal","....Psychiatrische Kliniken",92437961,98915644,97927954,115519363,130260849,138278651,147880261,160601562,166821525,171187148,176587412,185660007,213423403,213607628,230410934
"... Lohnaufwand - Administrativpersonal","....Rehabilitationskliniken",52066876,56107231,61091911,64952033,71531265,81381969,91813705,96828140,92264839,97850517,94415229,100929768,106785741,117521800,120210615
"... Lohnaufwand - Administrativpersonal","....Andere Spezialkliniken",98379068,114743688,115975594,113820369,126119680,129485116,137857497,155456814,154817790,154813382,153002695,164098743,177319871,189276522,201052674
".. Arzthonoraraufwand","Spitäler - Total",705980820,702411668,696616810,705137731,722962072,716226408,762040207,754671790,735382892,678539092,612697450,577488222,514012484,428748214,429482654
".. Arzthonoraraufwand","<< Allgemeine Krankenhäuser",626163503,637509763,621007610,635757969,651067773,650726204,686488092,679369311,661751903,612943674,550341728,513002715,447504500,366595313,367885448
".. Arzthonoraraufwand","....Zentrumsversorgung",440284318,456366865,468119197,522860577,546599548,556094430,593944512,592548862,577640034,530833385,479061324,444881485,389811353,311927097,325255643
".. Arzthonoraraufwand","....Grundversorgung",185879185,181142898,152888413,112897392,104468225,94631774,92543580,86820449,84111869,82110289,71280404,68121230,57693147,54668216,42629805
".. Arzthonoraraufwand","<< Spezialkliniken",79817317,64901905,75609200,69379762,71894299,65500204,75552115,75302479,73630989,65595418,62355722,64485507,66507984,62152901,61597206
".. Arzthonoraraufwand","....Psychiatrische Kliniken",14626081,14784599,16388183,15710382,16138573,16438073,15841044,15294560,14655258,14167799,14510522,12952048,13583922,10912077,9557352
".. Arzthonoraraufwand","....Rehabilitationskliniken",6054091,6223823,6011925,5029832,5159354,5417256,7159114,6161672,4010973,3071221,3024056,2085090,2027704,2096881,1837187
".. Arzthonoraraufwand","....Andere Spezialkliniken",59137145,43893483,53209092,48639548,50596372,43644875,52551957,53846247,54964758,48356398,44821144,49448369,50896358,49143943,50202667
".. Sozialversicherungsaufwand","Spitäler - Total",2064322886,2178363035,2298268088,2427180689,2482907605,2600224097,2761733483,2825744280,2854847366,2948749187,3099391672,3207503702,3300111786,3449073508,3566340640
".. Sozialversicherungsaufwand","<< Allgemeine Krankenhäuser",1660227310,1750490238,1861749922,1953418409,1983397831,2076739436,2201048056,2257682889,2273271883,2373540909,2503601030,2591270793,2637002793,2770200799,2863009048
".. Sozialversicherungsaufwand","....Zentrumsversorgung",1225904720,1307799605,1378842024,1583700162,1615711030,1705472845,1911318649,1949393000,1954873990,2038787881,2156008624,2236766915,2311737086,2416967583,2498368453
".. Sozialversicherungsaufwand","....Grundversorgung",434322590,442690633,482907898,369718247,367686801,371266591,289729407,308289889,318397893,334753028,347592406,354503878,325265707,353233216,364640595
".. Sozialversicherungsaufwand","<< Spezialkliniken",404095576,427872797,436518166,473762280,499509774,523484661,560685427,568061391,581575483,575208278,595790642,616232909,663108993,678872709,703331592
".. Sozialversicherungsaufwand","....Psychiatrische Kliniken",181552840,192157862,195501938,230033182,230155728,232923740,248703703,258032433,259858497,253092380,266054230,273229429,297805501,302081940,304508185
".. Sozialversicherungsaufwand","....Rehabilitationskliniken",84468239,87277733,89419249,94600574,103102881,109351258,125738760,123979403,126022564,126939235,128618938,133248171,143214913,145485599,156687466
".. Sozialversicherungsaufwand","....Andere Spezialkliniken",138074497,148437202,151596979,149128524,166251165,181209663,186242964,186049555,195694422,195176663,201117474,209755309,222088579,231305170,242135941
".. Übriger Personalaufwand","Spitäler - Total",208160719,223109318,251020911,250428980,260466315,262557719,270204523,293043092,291830420,290431339,280786445,275741799,334781886,328336793,352235555
".. Übriger Personalaufwand","<< Allgemeine Krankenhäuser",154899856,168527209,191370146,175173936,191748502,195662210,194372051,202580790,199701430,203368077,194045064,176773361,219482397,203850149,225397976
".. Übriger Personalaufwand","....Zentrumsversorgung",104442539,113912415,132934691,136901978,151985257,156367221,158971301,167285096,165525576,169986718,165114135,143806050,180673725,169712601,188271595
".. Übriger Personalaufwand","....Grundversorgung",50457317,54614794,58435455,38271958,39763245,39294989,35400750,35295694,34175854,33381359,28930929,32967311,38808672,34137548,37126381
".. Übriger Personalaufwand","<< Spezialkliniken",53260863,54582109,59650765,75255044,68717813,66895509,75832472,90462302,92128990,87063262,86741381,98968438,115299489,124486644,126837579
".. Übriger Personalaufwand","....Psychiatrische Kliniken",24234264,23762321,25347923,29679875,31700030,28028414,33791666,46722025,47753249,44588943,42151553,44304671,54731157,63114023,57800026
".. Übriger Personalaufwand","....Rehabilitationskliniken",8870852,9837489,10355534,12145458,13535168,13337377,17381096,18828362,18626359,17280511,18143002,26857181,30632553,28214931,31938136
".. Übriger Personalaufwand","....Andere Spezialkliniken",20155747,20982299,23947308,33429711,23482615,25529718,24659710,24911915,25749382,25193808,26446826,27806586,29935779,33157690,37099417
"< Betriebsaufwand","Spitäler - Total",7827350214,8199972431,8714269091,9121341847,9345741474,9690015872,10075803939,10328248600,10480523331,10911733592,11219011663,11752296207,12219683526,12969166381,13123968840
"< Betriebsaufwand","<< Allgemeine Krankenhäuser",6511389713,6811155275,7256278150,7561244001,7752878325,8008800264,8196240342,8373269306,8517757428,8924334810,9273773504,9657986049,9841833634,10619959365,10688699512
"< Betriebsaufwand","....Zentrumsversorgung",4399932487,4594688755,4903600234,5740226762,5865110986,6079326428,6564185516,6716287876,6837329105,7094583431,7448083311,7731996587,8079710967,8711285251,8754402433
"< Betriebsaufwand","....Grundversorgung",2111457226,2216466520,2352677916,1821017239,1887767339,1929473836,1632054826,1656981430,1680428323,1829751379,1825690193,1925989462,1762122667,1908674114,1934297079
"< Betriebsaufwand","<< Spezialkliniken",1315960501,1388817156,1457990941,1560097846,1592863149,1681215608,1879563597,1954979294,1962765903,1987398782,1945238159,2094310158,2377849892,2349207016,2435269328
"< Betriebsaufwand","....Psychiatrische Kliniken",425162935,438609930,424886223,470001247,469145221,477136927,492319498,497200630,510571928,505148630,511573718,527162489,600036371,591300427,588161495
"< Betriebsaufwand","....Rehabilitationskliniken",234233319,241082265,264515017,287527776,294295507,326367919,369206989,375401367,390838125,391935585,406213395,425335793,460737924,493876880,507969527
"< Betriebsaufwand","....Andere Spezialkliniken",656564247,709124961,768589701,802568823,829422421,877710762,1018037110,1082377297,1061355850,1090314567,1027451046,1141811876,1317075597,1264029709,1339138306
".. Medizinischer Bedarf","Spitäler - Total",3690769929,3896030647,4071147744,4271416095,4444836757,4671435892,4890621623,5092596552,5183717404,5419997536,5631029654,5989417581,6176964209,6346808405,6566519783
".. Medizinischer Bedarf","<< Allgemeine Krankenhäuser",3268241497,3433280704,3596130601,3775867888,3928247577,4124324879,4238820108,4394071230,4503551560,4778639232,4968149435,5255189578,5367055971,5554386155,5737231569
".. Medizinischer Bedarf","....Zentrumsversorgung",2190955038,2285918040,2411792252,2831300284,2942343062,3099678434,3378793423,3509993155,3632515390,3815115827,3996666673,4264792504,4433902624,4584671436,4742809085
".. Medizinischer Bedarf","....Grundversorgung",1077286459,1147362664,1184338349,944567604,985904515,1024646445,860026685,884078075,871036170,963523405,971482762,990397074,933153347,969714719,994422484
".. Medizinischer Bedarf","<< Spezialkliniken",422528432,462749943,475017143,495548207,516589180,547111013,651801515,698525322,680165844,641358304,662880219,734228003,809908238,792422250,829288214
".. Medizinischer Bedarf","....Psychiatrische Kliniken",55882818,57797470,55312714,57488171,58739777,58607191,59865263,60520340,60846200,60147072,63069027,63188981,84816901,62282808,63548786
".. Medizinischer Bedarf","....Rehabilitationskliniken",43269524,45626965,46622620,49212119,51201291,55746344,62727817,63240905,64290679,64438835,72906727,73403472,75688948,73214305,71550810
".. Medizinischer Bedarf","....Andere Spezialkliniken",323376090,359325508,373081809,388847917,406648112,432757478,529208435,574764077,555028965,516772397,526904465,597635550,649402389,656925137,694188618
".. Lebensmittelaufwand","Spitäler - Total",357381333,371286701,376932313,392669068,405111789,409917265,417514454,418408730,421718413,422787214,383600433,390898653,424525213,453542333,460787590
".. Lebensmittelaufwand","<< Allgemeine Krankenhäuser",243749025,245941982,252784260,261100655,270595344,271077129,273337097,273524444,274803256,277112469,249723120,251533264,267546234,286184234,290051058
".. Lebensmittelaufwand","....Zentrumsversorgung",156857646,158006112,165252205,187638396,194374284,197509534,211610465,211597989,213132821,214325465,192703741,195273459,212039132,226701482,230278472
".. Lebensmittelaufwand","....Grundversorgung",86891379,87935870,87532055,73462259,76221060,73567595,61726632,61926455,61670435,62787004,57019379,56259805,55507102,59482752,59772586
".. Lebensmittelaufwand","<< Spezialkliniken",113632308,125344719,124148053,131568413,134516445,138840136,144177357,144884286,146915157,145674745,133877313,139365389,156978979,167358099,170736532
".. Lebensmittelaufwand","....Psychiatrische Kliniken",52409578,60460446,57502543,61610808,59270136,58226853,58484745,59656067,59538859,58338119,55635322,57361412,63050785,65902172,64472579
".. Lebensmittelaufwand","....Rehabilitationskliniken",29766821,31647226,33347442,34639325,38042499,42298158,49906006,49696315,51013118,52569954,48809103,51240954,58266753,61944200,64757626
".. Lebensmittelaufwand","....Andere Spezialkliniken",31455909,33237047,33298068,35318280,37203810,38315125,35786606,35531904,36363180,34766672,29432888,30763023,35661441,39511727,41506327
".. Haushaltsaufwand","Spitäler - Total",328645866,334962307,337978705,345535504,358080816,363952083,366166477,360774966,363805823,363743497,390324362,394737047,416127229,434069903,447223881
".. Haushaltsaufwand","<< Allgemeine Krankenhäuser",258199504,263446097,263520214,266589395,275020320,276193652,271676962,268461342,270870667,272187899,295239474,294688932,303526129,313264697,324231256
".. Haushaltsaufwand","....Zentrumsversorgung",163773338,167239121,169704486,194184332,199974168,202941340,215485963,212974004,214800748,215866317,237314785,232062795,243258815,246947611,256648064
".. Haushaltsaufwand","....Grundversorgung",94426166,96206976,93815728,72405063,75046152,73252312,56190999,55487338,56069919,56321582,57924689,62626137,60267314,66317086,67583192
".. Haushaltsaufwand","<< Spezialkliniken",70446362,71516210,74458491,78946109,83060496,87758431,94489515,92313624,92935156,91555598,95084888,100048115,112601100,120805206,122992625
".. Haushaltsaufwand","....Psychiatrische Kliniken",24323472,24117902,24762415,27437780,28380829,28003355,29174478,28383790,27875820,28329010,31110315,32713311,35430340,35679965,35999756
".. Haushaltsaufwand","....Rehabilitationskliniken",18516888,18176130,19248387,20142432,21692542,24785762,30471063,30522050,31667320,31044260,32218748,33492893,37892162,43005985,41464436
".. Haushaltsaufwand","....Andere Spezialkliniken",27606002,29222178,30447689,31365897,32987125,34969314,34843974,33407784,33392016,32182328,31755825,33841911,39278598,42119256,45528433
".. Unterhalt und Reparaturen","Spitäler - Total",606222670,631095095,638122362,651523659,666617972,678421681,693200706,681709122,682800267,689619883,710661131,717637113,730065495,738912716,752455155
".. Unterhalt und Reparaturen","<< Allgemeine Krankenhäuser",495460350,525758537,529082468,531592396,547275364,555393053,562371743,553850877,551942039,559202275,583961302,587952159,588720734,605793296,624212083
".. Unterhalt und Reparaturen","....Zentrumsversorgung",330403427,360458306,378876620,423314860,439303601,449911338,468774635,464638002,463994375,465837123,484732587,486994302,501564681,512289601,524378733
".. Unterhalt und Reparaturen","....Grundversorgung",165056923,165300231,150205848,108277536,107971763,105481715,93597108,89212875,87947664,93365152,99228715,100957857,87156053,93503695,99833350
".. Unterhalt und Reparaturen","<< Spezialkliniken",110762320,105336558,109039894,119931263,119342608,123028628,130828963,127858245,130858228,130417608,126699829,129684954,141344761,133119420,128243072
".. Unterhalt und Reparaturen","....Psychiatrische Kliniken",40979706,40915869,40273094,42362031,45058962,46031245,46240319,48062090,49458262,55102665,51854538,49728671,55818665,48482703,42817693
".. Unterhalt und Reparaturen","....Rehabilitationskliniken",24862416,21040387,25927619,29717997,25981028,28123309,33243273,31094191,33417383,30132922,29894861,31054283,35230566,30307013,31767472
".. Unterhalt und Reparaturen","....Andere Spezialkliniken",44920198,43380302,42839181,47851235,48302618,48874074,51345371,48701964,47982583,45182021,44950430,48902000,50295530,54329704,53657907
".. Aufwand für Anlagenutzung","Spitäler - Total",1743184252,1798899509,1985036449,2099501192,2122894370,2171376705,2291926779,2349787751,2380842752,2521763286,2578647854,2629990930,2664346458,2949259054,2746303578
".. Aufwand für Anlagenutzung","<< Allgemeine Krankenhäuser",1388227649,1438029939,1590055109,1676323768,1696198898,1714054145,1790390631,1826174361,1844445134,1925484677,2036302147,2040829005,1968859972,2327490258,2110317049
".. Aufwand für Anlagenutzung","....Zentrumsversorgung",984157438,1018158718,1072370742,1296403653,1300133274,1309482673,1433128894,1467932422,1456463274,1518825427,1638314063,1588817387,1605421971,1923350370,1730768644
".. Aufwand für Anlagenutzung","....Grundversorgung",404070211,419871221,517684367,379920115,396065624,404571472,357261737,358241939,387981860,406659250,397988084,452011618,363438001,404139888,379548405
".. Aufwand für Anlagenutzung","<< Spezialkliniken",354956603,360869570,394981340,423177424,426695472,457322560,501536148,523613390,536397618,596278609,542345707,589161925,695486486,621768796,635986529
".. Aufwand für Anlagenutzung","....Psychiatrische Kliniken",170268169,164325522,150337112,171227316,168468364,173112018,175152196,178785033,179259957,174454347,175430198,182868528,195749898,199559699,200087399
".. Aufwand für Anlagenutzung","....Rehabilitationskliniken",65759708,68998461,79820637,83479619,88716429,101116330,109617331,113038078,122925087,127805872,133379341,138453201,141846452,152581360,154137856
".. Aufwand für Anlagenutzung","....Andere Spezialkliniken",118928726,127545587,164823591,168470489,169510679,183094212,216766621,231790279,234212574,294018390,233536168,267840196,357890136,269627737,281761274
".. Aufwand für Energie und Wasser","Spitäler - Total",249590805,252100237,266114246,274845144,260901026,260227839,250509668,251639827,259022786,267229214,266832383,278777546,341910349,467727541,455006420
".. Aufwand für Energie und Wasser","<< Allgemeine Krankenhäuser",194708330,197907464,209127543,214009924,204708513,203277319,193838015,194020790,200519484,207915011,210609512,218951903,270586851,374879622,360198256
".. Aufwand für Energie und Wasser","....Zentrumsversorgung",141513235,142304367,153144153,167066324,159343339,158586640,160424292,159777218,163464159,168491979,170795267,179015749,230737614,313685842,300707326
".. Aufwand für Energie und Wasser","....Grundversorgung",53195095,55603097,55983390,46943600,45365174,44690679,33413723,34243572,37055325,39423032,39814245,39936154,39849237,61193780,59490930
".. Aufwand für Energie und Wasser","<< Spezialkliniken",54882475,54192773,56986703,60835220,56192513,56950520,56671653,57619037,58503302,59314203,56222871,59825643,71323498,92847919,94808164
".. Aufwand für Energie und Wasser","....Psychiatrische Kliniken",22193478,21591270,22892324,24968612,22022013,23167515,22267030,22617558,22680391,23607307,22817742,24049941,27834181,36974593,36629550
".. Aufwand für Energie und Wasser","....Rehabilitationskliniken",13207374,13711342,14760946,15822528,15572752,15686826,16882852,17560806,17467717,18392194,17176393,18283299,20343308,25433380,26859003
".. Aufwand für Energie und Wasser","....Andere Spezialkliniken",19481623,18890161,19333433,20044080,18597748,18096179,17521771,17440673,18355194,17314702,16228736,17492403,23146009,30439946,31319611
".. Finanzaufwand","Spitäler - Total",127774163,134958638,157756684,144742546,111997099,114930187,111925530,102239331,107432589,120310737,114801156,132275192,156367264,174739465,206223784
".. Finanzaufwand","<< Allgemeine Krankenhäuser",105951715,108309869,132042002,108900704,82392949,85334914,83816053,74911886,81264409,90917906,85792635,104653079,121609029,135660106,161468425
".. Finanzaufwand","....Zentrumsversorgung",65301723,70376834,84583060,86155137,58850502,62010386,65951094,57246060,64499533,73345796,64516110,78547654,95420144,103869887,122151050
".. Finanzaufwand","....Grundversorgung",40649992,37933035,47458942,22745567,23542447,23324528,17864959,17665826,16764876,17572110,21276525,26105425,26188885,31790219,39317375
".. Finanzaufwand","<< Spezialkliniken",21822448,26648769,25714682,35841842,29604150,29595273,28109477,27327445,26168180,29392831,29008521,27622113,34758235,39079359,44755359
".. Finanzaufwand","....Psychiatrische Kliniken",3182370,6921351,3882534,7253664,7071508,5911752,4851533,3847554,6163816,5647959,6229893,5926640,10929844,9925398,10380390
".. Finanzaufwand","....Rehabilitationskliniken",5545078,5642326,5773908,12254985,7134801,7390204,6200468,5649404,4897511,4512289,4850533,4539563,6483352,7920241,8523510
".. Finanzaufwand","....Andere Spezialkliniken",13095000,14085092,16058240,16333193,15397841,16293317,17057476,17830487,15106853,19232583,17928095,17155910,17345039,21233720,25851459
".. Verwaltungs- und Informatikaufwand","Spitäler - Total",723781196,780639297,881180588,941108639,975301645,1019754220,1053938702,1071092321,1081183297,1106282225,1143114690,1218562145,1309377309,1404106964,1489448649
".. Verwaltungs- und Informatikaufwand","<< Allgemeine Krankenhäuser",556851643,598480683,683535953,726859271,748439360,779145173,781989733,788254376,790360879,812875341,843995879,904188129,953928714,1022300997,1080989816
".. Verwaltungs- und Informatikaufwand","....Zentrumsversorgung",366970642,392227257,467876716,554163776,570788756,599206083,630016750,632129026,628458805,622775497,663040085,706492737,757365986,799769022,846661059
".. Verwaltungs- und Informatikaufwand","....Grundversorgung",189881001,206253426,215659237,172695495,177650604,179939090,151972983,156125350,161902074,190099844,180955794,197695392,196562728,222531975,234328757
".. Verwaltungs- und Informatikaufwand","<< Spezialkliniken",166929553,182158614,197644635,214249368,226862285,240609047,271948969,282837945,290822418,293406884,299118811,314374016,355448595,381805967,408458833
".. Verwaltungs- und Informatikaufwand","....Psychiatrische Kliniken",55923344,62480100,69923487,77652865,80133632,84076998,96283934,95328198,104748623,99522151,105426683,111325005,126405757,132493089,134225342
".. Verwaltungs- und Informatikaufwand","....Rehabilitationskliniken",33305510,36239428,39013458,42258771,45954165,51220986,60158179,64599618,65159310,63039259,66977689,74868128,84986383,99470396,108908814
".. Verwaltungs- und Informatikaufwand","....Andere Spezialkliniken",77700699,83439086,88707690,94337732,100774488,105311063,115506856,122910129,120914485,130845474,126714439,128180883,144056455,149842482,165324677
"< Übriger patientenbezogener Aufwand","Spitäler - Total",120877151,97738744,137679590,128182310,141537362,144148950,146332057,151507820,153494632,170318055,167943082,181509542,198823354,213966618,204059222
"< Übriger patientenbezogener Aufwand","<< Allgemeine Krankenhäuser",90398382,66437062,103775338,88314383,100633554,101452850,101302575,102905889,105802539,119150014,119624053,127666562,140583180,146572945,147438833
"< Übriger patientenbezogener Aufwand","....Zentrumsversorgung",36056084,38044344,54212323,64108777,70400237,73994629,79409773,80986427,83760434,95910603,94950147,102578819,114296341,118642086,121231821
"< Übriger patientenbezogener Aufwand","....Grundversorgung",54342298,28392718,49563015,24205606,30233317,27458221,21892802,21919462,22042105,23239411,24673906,25087743,26286839,27930859,26207012
"< Übriger patientenbezogener Aufwand","<< Spezialkliniken",30478769,31301682,33904252,39867927,40903808,42696100,45029482,48601931,47692093,51168041,48319029,53842980,58240174,67393673,56620389
"< Übriger patientenbezogener Aufwand","....Psychiatrische Kliniken",14857086,17120670,18530667,21451098,22336890,20337984,21284831,22943521,23160861,23168517,20833874,23645364,25571823,33469362,27799774
"< Übriger patientenbezogener Aufwand","....Rehabilitationskliniken",6586150,5910397,6620371,7485522,8065097,10530398,11914723,12407756,12260874,17693237,18685944,21444267,22599039,23891295,18132620
"< Übriger patientenbezogener Aufwand","....Andere Spezialkliniken",9035533,8270615,8753214,10931307,10501821,11827718,11829928,13250654,12270358,10306287,8799211,8753349,10069312,10033016,10687995
"< Übriger nicht patientenbezogener Aufwand","Spitäler - Total",303235877,316512061,343517025,363450643,362696907,421909220,402160283,406978751,429214224,403853407,438866698,469204195,480596209,455803424,488718879
"< Übriger nicht patientenbezogener Aufwand","<< Allgemeine Krankenhäuser",237871332,248410262,266218579,282022228,283867906,329052100,308940845,319820270,338358913,320168955,344709497,365168128,367702746,343537645,368363013
"< Übriger nicht patientenbezogener Aufwand","....Zentrumsversorgung",153292860,164637904,180813029,211330233,221414792,263590834,260067803,264688917,284325548,272764801,289971762,311063479,320010377,298866139,321290854
"< Übriger nicht patientenbezogener Aufwand","....Grundversorgung",84578472,83772358,85405550,70691995,62453114,65461266,48873042,55131353,54033365,47404154,54737735,54104649,47692369,44671506,47072159
"< Übriger nicht patientenbezogener Aufwand","<< Spezialkliniken",65364545,68101799,77298446,81428415,78829001,92857120,93219438,87158481,90855311,83684452,94157201,104036067,112893463,112265779,120355866
"< Übriger nicht patientenbezogener Aufwand","....Psychiatrische Kliniken",30684471,29102477,37727612,36732498,35159171,45678468,33912857,37085085,36700326,38616373,39401565,43395465,50182474,48607514,54915541
"< Übriger nicht patientenbezogener Aufwand","....Rehabilitationskliniken",9590865,12022056,11055191,14334819,14970346,16868385,19894144,19435034,18872112,18271393,17113172,19068291,18198297,18861149,18732141
"< Übriger nicht patientenbezogener Aufwand","....Andere Spezialkliniken",25089209,26977266,28515643,30361098,28699484,30310267,39412437,30638362,35282873,26796686,37642464,41572311,44512692,44797116,46708184
"< Steuern, ausserordentlicher und betriebsfremder Aufwand","Spitäler - Total",180226692,220535230,310898716,276200396,270954386,228759892,250733868,304835203,306381551,461488050,202052076,190148626,177013437,147756199,108924778
"< Steuern, ausserordentlicher und betriebsfremder Aufwand","<< Allgemeine Krankenhäuser",144359418,166395117,220024381,157029977,186947897,176748489,174333208,204587372,198083278,383327741,152474881,147046246,130053501,115174117,69734477
"< Steuern, ausserordentlicher und betriebsfremder Aufwand","....Zentrumsversorgung",70314739,97607068,123360694,114746881,150810768,147338314,148277610,168561027,160892487,340739279,111206588,117822488,92454410,81078163,39502571
"< Steuern, ausserordentlicher und betriebsfremder Aufwand","....Grundversorgung",74044679,68788049,96663687,42283096,36137129,29410175,26055598,36026345,37190791,42588462,41268293,29223758,37599091,34095954,30231906
"< Steuern, ausserordentlicher und betriebsfremder Aufwand","<< Spezialkliniken",35867274,54140113,90874335,119170419,84006489,52011403,76400660,100247831,108298273,78160309,49577195,43102380,46959936,32582082,39190301
"< Steuern, ausserordentlicher und betriebsfremder Aufwand","....Psychiatrische Kliniken",6330443,10224914,44680515,32483880,16612549,15526633,15590252,14686372,12577323,14188259,9847280,13357076,11407520,10122664,11020652
"< Steuern, ausserordentlicher und betriebsfremder Aufwand","....Rehabilitationskliniken",11029048,10585360,13947629,10080950,20097149,16538878,29273307,27177193,43663344,20323637,12087683,13167034,5671931,7854575,12474652
"< Steuern, ausserordentlicher und betriebsfremder Aufwand","....Andere Spezialkliniken",18507783,33329839,32246191,76605589,47296791,19945892,31537101,58384266,52057606,43648413,27642232,16578270,29880485,14604843,15694997
"Ertrag Total","Spitäler - Total",21627549143,22318013612,25343888444,26427137016,27256695196,28214329289,29490101664,30136778685,30603858875,31287397417,31345176291,33372039512,34056571755,35326278526,36598674802
"Ertrag Total","<< Allgemeine Krankenhäuser",17858053597,18377997560,20766836256,21478336497,22221872290,22810092398,23624026584,24016589054,24347312155,25127292523,25235107432,26865848515,27042346575,28212077106,29227963185
"Ertrag Total","....Zentrumsversorgung",12627130446,12958640062,14830675190,17048516801,17617960569,18214500818,19821815701,20189415867,20467584754,21025660716,21166051678,22411515117,22953583268,23893537448,24742787959
"Ertrag Total","....Grundversorgung",5230923151,5419357498,5936161066,4429819696,4603911721,4595591580,3802210883,3827173187,3879727401,4101631807,4069055754,4454333398,4088763307,4318539658,4485175226
"Ertrag Total","<< Spezialkliniken",3769495546,3940016052,4577052188,4948800519,5034822906,5404236891,5866075080,6120189631,6256546720,6160104894,6110068859,6506190997,7014225180,7114201420,7370711617
"Ertrag Total","....Psychiatrische Kliniken",1302067759,1367995164,1685660505,1865562147,1878504297,2051859464,2133466786,2308663827,2357524535,2362497333,2401354325,2479513249,2712757101,2683800931,2711582484
"Ertrag Total","....Rehabilitationskliniken",812043355,854062801,919008250,979594314,1062073723,1154588840,1333761417,1315376637,1414658218,1371422808,1347796603,1451647121,1525644590,1607880972,1659899501
"Ertrag Total","....Andere Spezialkliniken",1655384432,1717958087,1972383433,2103644058,2094244886,2197788587,2398846877,2496149167,2484363967,2426184753,2360917931,2575030627,2775823489,2822519517,2999229632
"< Erträge aus Leistungen an Patienten","Spitäler - Total",16096868844,17102377057,21082157048,22221970658,23413243318,24275984829,25400268419,25788409767,26160887933,26902558504,26595916415,28322966969,29529854392,30356851012,31557586808
"< Erträge aus Leistungen an Patienten","<< Allgemeine Krankenhäuser",12955407659,13825250731,17065578383,17900225267,18919259758,19481910855,20140363117,20378107974,20666511010,21476927268,21191982708,22652024553,23267502795,24033001353,25068925705
"< Erträge aus Leistungen an Patienten","....Zentrumsversorgung",8744857233,9361163468,11687142253,13879409885,14712256451,15271276244,16645692587,16852760505,17113488322,17717957596,17564764139,18674957107,19555286104,20111388042,20996421995
"< Erträge aus Leistungen an Patienten","....Grundversorgung",4210550426,4464087263,5378436130,4020815382,4207003307,4210634611,3494670530,3525347469,3553022688,3758969672,3627218569,3977067446,3712216691,3921613311,4072503710
"< Erträge aus Leistungen an Patienten","<< Spezialkliniken",3141461185,3277126326,4016578665,4321745391,4493983560,4794073974,5259905302,5410301793,5494376923,5425631236,5403933707,5670942416,6262351597,6323849659,6488661103
"< Erträge aus Leistungen an Patienten","....Psychiatrische Kliniken",943468849,1006858741,1390101983,1547713816,1621953787,1740358428,1847750297,1977723482,2006949135,1986363642,2067745561,2094137406,2339644857,2296278768,2298187477
"< Erträge aus Leistungen an Patienten","....Rehabilitationskliniken",741581025,764704365,850176865,905423951,969704648,1053858631,1229749346,1193762304,1235133339,1264155720,1238326214,1312649785,1415000530,1474633457,1534409315
"< Erträge aus Leistungen an Patienten","....Andere Spezialkliniken",1456411311,1505563220,1776299817,1868607624,1902325125,1999856915,2182405659,2238816007,2252294449,2175111874,2097861932,2264155225,2507706210,2552937434,2656064311
".. Erträge aus medizinischen, pflegerischen und therapeutischen Leistungen für Patienten","Spitäler - Total",9743777075,10275829139,14319751127,15045750526,16088825978,16773354165,17356654834,17402158311,17947021774,18337203111,18167937945,18842367775,19710999272,20202663997,20863065907
".. Erträge aus medizinischen, pflegerischen und therapeutischen Leistungen für Patienten","<< Allgemeine Krankenhäuser",7415480805,7817057283,11133855434,11613577594,12466053556,12926762884,13139251711,13054962697,13453518625,13910977750,13724082923,14246679145,14653271436,15076320558,15606385523
".. Erträge aus medizinischen, pflegerischen und therapeutischen Leistungen für Patienten","....Zentrumsversorgung",5169487767,5435263320,7585585730,8920275230,9650691983,10110988380,10882878974,10821444334,11155371555,11478314409,11339854419,11800336063,12333818671,12653259368,13148019060
".. Erträge aus medizinischen, pflegerischen und therapeutischen Leistungen für Patienten","....Grundversorgung",2245993038,2381793963,3548269704,2693302364,2815361573,2815774504,2256372737,2233518363,2298147070,2432663341,2384228504,2446343082,2319452765,2423061190,2458366463
".. Erträge aus medizinischen, pflegerischen und therapeutischen Leistungen für Patienten","<< Spezialkliniken",2328296270,2458771856,3185895693,3432172932,3622772422,3846591281,4217403123,4347195614,4493503149,4426225361,4443855022,4595688630,5057727836,5126343439,5256680384
".. Erträge aus medizinischen, pflegerischen und therapeutischen Leistungen für Patienten","....Psychiatrische Kliniken",792309242,843374164,1204380726,1317378507,1387381422,1496323755,1585067956,1700365397,1766365414,1711696291,1783091002,1782134373,1967155834,1935564731,1951348216
".. Erträge aus medizinischen, pflegerischen und therapeutischen Leistungen für Patienten","....Rehabilitationskliniken",637532957,655436428,746247419,802829310,866390170,940019727,1104285706,1069400979,1113396309,1142747012,1130878306,1200480187,1302524999,1362704071,1418028708
".. Erträge aus medizinischen, pflegerischen und therapeutischen Leistungen für Patienten","....Andere Spezialkliniken",898454071,959961264,1235267548,1311965115,1369000830,1410247799,1528049461,1577429238,1613741426,1571782058,1529885714,1613074070,1788047003,1828074637,1887303460
".. Ärztliche Einzelleistungen","Spitäler - Total",1666911942,1793496264,1914822064,1996145024,2056558877,2168702181,2338011355,2386873055,2233468867,2323743351,2234651852,2493439968,2562548047,2706334970,2873990104
".. Ärztliche Einzelleistungen","<< Allgemeine Krankenhäuser",1433193332,1537699807,1660894194,1727938476,1789787099,1871147115,1979428513,2039635221,1924181448,2030465849,1934229531,2163646877,2194803355,2327929835,2466844151
".. Ärztliche Einzelleistungen","....Zentrumsversorgung",952079327,1045534038,1183371596,1424681860,1460163704,1525220981,1696050450,1739477941,1634345087,1702745994,1632388057,1790707373,1811754182,1945628028,2037629033
".. Ärztliche Einzelleistungen","....Grundversorgung",481114005,492165769,477522598,303256616,329623395,345926134,283378063,300157280,289836361,327719855,301841474,372939504,383049173,382301807,429215118
".. Ärztliche Einzelleistungen","<< Spezialkliniken",233718610,255796457,253927870,268206548,266771778,297555066,358582842,347237834,309287419,293277502,300422321,329793091,367744692,378405135,407145953
".. Ärztliche Einzelleistungen","....Psychiatrische Kliniken",68598474,69840004,69280467,83993090,89321621,97342017,121738004,113105415,85775291,68631718,75518255,79298624,93060458,112725945,111802813
".. Ärztliche Einzelleistungen","....Rehabilitationskliniken",23521692,24987997,23302670,24238419,24098177,31642920,37048152,34886455,33726371,32732516,29615932,30392273,28346693,20342331,20062161
".. Ärztliche Einzelleistungen","....Andere Spezialkliniken",141598444,160968456,161344733,159975039,153351980,168570129,199796686,199245964,189785757,191913268,195288134,220102194,246337541,245336859,275280979
".. Übrige Spitaleinzelleistungen","Spitäler - Total",4324900917,4623959329,4461742231,4886678267,4979282420,5065529610,5430427272,5706230460,5693342652,5925262234,5869204940,6580762214,6820133923,7061676163,7415714750
".. Übrige Spitaleinzelleistungen","<< Allgemeine Krankenhäuser",3802314624,4126494220,3947231181,4327089561,4420125540,4465250584,4805150568,5036691925,5049893550,5260507643,5242304325,5877019171,6030206887,6296301353,6636043500
".. Übrige Spitaleinzelleistungen","....Zentrumsversorgung",2430300075,2668365745,2747698242,3432110620,3492046577,3509855255,3925811726,4128673473,4153156648,4346529634,4391166368,4854180234,5132279538,5283708611,5567481945
".. Übrige Spitaleinzelleistungen","....Grundversorgung",1372014549,1458128475,1199532939,894978941,928078963,955395329,879338842,908018452,896736902,913978009,851137957,1022838937,897927349,1012592742,1068561555
".. Übrige Spitaleinzelleistungen","<< Spezialkliniken",522586293,497465109,514511050,559588706,559156880,600279026,625276704,669538535,643449102,664754591,626900615,703743043,789927036,765374810,779671250
".. Übrige Spitaleinzelleistungen","....Psychiatrische Kliniken",72317321,80745029,96826447,123964916,126740464,137077452,131025284,153180986,143399883,195571266,198099116,223195728,270220601,235734054,228036450
".. Übrige Spitaleinzelleistungen","....Rehabilitationskliniken",64844905,64282481,61707653,60142375,62594139,63523220,68723059,69522311,66637059,70404415,64794125,67833078,68667257,72693686,74018028
".. Übrige Spitaleinzelleistungen","....Andere Spezialkliniken",385424067,352437599,355976950,375481415,369822277,399678354,425528361,446835238,433412160,398778910,364007374,412714237,451039178,456947070,477616772
".. Übrige Erträge aus Leistungen an Patienten","Spitäler - Total",361278910,409092325,385841626,293396841,288576043,268398873,275174958,293147941,287054640,316349808,324121678,406397012,436173150,386175882,404816047
".. Übrige Erträge aus Leistungen an Patienten","<< Allgemeine Krankenhäuser",304418898,343999421,323597574,231619636,243293563,218750272,216532325,246818131,238917387,274976026,291365929,364679360,389221117,332449607,359652531
".. Übrige Erträge aus Leistungen an Patienten","....Zentrumsversorgung",192990064,212000365,170486685,102342175,109354187,125211628,140951437,163164757,170615032,190367559,201355295,229733437,277433713,228792035,243291957
".. Übrige Erträge aus Leistungen an Patienten","....Grundversorgung",111428834,131999056,153110889,129277461,133939376,93538644,75580888,83653374,68302355,84608467,90010634,134945923,111787404,103657572,116360574
".. Übrige Erträge aus Leistungen an Patienten","<< Spezialkliniken",56860012,65092904,62244052,61777205,45282480,49648601,58642633,46329810,48137253,41373782,32755749,41717652,46952033,53726275,45163516
".. Übrige Erträge aus Leistungen an Patienten","....Psychiatrische Kliniken",10243812,12899544,19614343,22377303,18510280,9615204,9919053,11071684,11408547,10464367,11037188,9508681,9207964,12254038,6999998
".. Übrige Erträge aus Leistungen an Patienten","....Rehabilitationskliniken",15681471,19997459,18919123,18213847,16622162,18672764,19692429,19952559,21373600,18271777,13037851,13944247,15461581,18893369,22300418
".. Übrige Erträge aus Leistungen an Patienten","....Andere Spezialkliniken",30934729,32195901,23710586,21186055,10150038,21360633,29031151,15305567,15355106,12637638,8680710,18264724,22282488,22578868,15863100
"< Finanzertrag","Spitäler - Total",115865581,127573798,142949105,140027304,157467943,160862228,156744797,173209289,172084940,197982417,192319927,202101616,214709863,236941342,266884773
"< Finanzertrag","<< Allgemeine Krankenhäuser",93351976,104374619,121544005,110290938,132691424,135149079,125252775,140711653,139704082,158787623,156707937,166209325,182226359,193126299,221715949
"< Finanzertrag","....Zentrumsversorgung",62931977,69512896,74589391,84479376,100778933,103339898,97858684,110830268,109078936,126737280,124609116,132292076,148059375,154452583,182067088
"< Finanzertrag","....Grundversorgung",30419999,34861723,46954614,25811562,31912491,31809181,27394091,29881385,30625146,32050343,32098821,33917249,34166984,38673716,39648861
"< Finanzertrag","<< Spezialkliniken",22513605,23199179,21405100,29736366,24776519,25713149,31492022,32497636,32380858,39194794,35611990,35892291,32483504,43815043,45168824
"< Finanzertrag","....Psychiatrische Kliniken",10506245,9602505,8286123,8103498,8562270,8092816,8218278,10466794,14096544,11299496,10206290,10935657,10079042,11066369,12109060
"< Finanzertrag","....Rehabilitationskliniken",4146300,4107744,3741258,6070772,4640433,7646332,11059744,6419506,4354721,4129968,7786334,6776664,6808183,9946223,6918580
"< Finanzertrag","....Andere Spezialkliniken",7861060,9488930,9377719,15562096,11573816,9974001,12214000,15611336,13929593,23765330,17619366,18179970,15596279,22802451,26141184
"< Bestandesänderungen an unfertigen und fertigen Erzeugnissen sowie an unverrechneten Lieferungen und Leistungen","Spitäler - Total",...,...,...,...,...,...,...,...,...,55040384,-28695409,8581118,3298647,4063025,16327956
"< Bestandesänderungen an unfertigen und fertigen Erzeugnissen sowie an unverrechneten Lieferungen und Leistungen","<< Allgemeine Krankenhäuser",...,...,...,...,...,...,...,...,...,16173548,-3514415,1993318,9402461,-7202791,1084731
"< Bestandesänderungen an unfertigen und fertigen Erzeugnissen sowie an unverrechneten Lieferungen und Leistungen","....Zentrumsversorgung",...,...,...,...,...,...,...,...,...,7972553,-8502309,-1487677,6216349,-6759196,1829377
"< Bestandesänderungen an unfertigen und fertigen Erzeugnissen sowie an unverrechneten Lieferungen und Leistungen","....Grundversorgung",...,...,...,...,...,...,...,...,...,8200995,4987894,3480995,3186112,-443595,-744646
"< Bestandesänderungen an unfertigen und fertigen Erzeugnissen sowie an unverrechneten Lieferungen und Leistungen","<< Spezialkliniken",...,...,...,...,...,...,...,...,...,38866836,-25180994,6587800,-6103814,11265816,15243225
"< Bestandesänderungen an unfertigen und fertigen Erzeugnissen sowie an unverrechneten Lieferungen und Leistungen","....Psychiatrische Kliniken",...,...,...,...,...,...,...,...,...,37245283,-26334804,4230214,-8350847,11706443,-816126
"< Bestandesänderungen an unfertigen und fertigen Erzeugnissen sowie an unverrechneten Lieferungen und Leistungen","....Rehabilitationskliniken",...,...,...,...,...,...,...,...,...,348732,894889,14599,825968,-489497,-62148
"< Bestandesänderungen an unfertigen und fertigen Erzeugnissen sowie an unverrechneten Lieferungen und Leistungen","....Andere Spezialkliniken",...,...,...,...,...,...,...,...,...,1272821,258921,2342987,1421065,48870,16121499
"< Erträge aus Leistungen an Personal und Dritte","Spitäler - Total",780564436,851531586,929365530,1043579975,1062297403,1130949917,1240906220,1234382023,1283751365,1347405295,1411385313,1454053730,1525075619,1857661142,1735047568
"< Erträge aus Leistungen an Personal und Dritte","<< Allgemeine Krankenhäuser",638052335,686385050,764354099,849698786,868903297,908182673,1005866462,984721080,1017933101,1077149035,1165250677,1195905901,1230551720,1566716291,1421387776
"< Erträge aus Leistungen an Personal und Dritte","....Zentrumsversorgung",480263058,506294139,572837933,702674160,710081115,746605527,869732536,838075418,874508519,913118916,993932076,1004471560,1060004479,1386612235,1235726118
"< Erträge aus Leistungen an Personal und Dritte","....Grundversorgung",157789277,180090911,191516166,147024626,158822182,161577146,136133926,146645662,143424582,164030119,171318601,191434341,170547241,180104056,185661658
"< Erträge aus Leistungen an Personal und Dritte","<< Spezialkliniken",142512101,165146536,165011431,193881189,193394106,222767244,235039758,249660943,265818264,270256260,246134636,258147829,294523899,290944851,313659792
"< Erträge aus Leistungen an Personal und Dritte","....Psychiatrische Kliniken",59488349,66915200,66456249,83932186,79747342,86619634,79006208,80782994,91076541,104940857,91567713,92080690,109253676,88873429,99411534
"< Erträge aus Leistungen an Personal und Dritte","....Rehabilitationskliniken",29810768,41803465,42178143,47815594,49463910,66872925,71548935,83064100,79567322,81610378,68854935,68616105,77229455,86428642,85666328
"< Erträge aus Leistungen an Personal und Dritte","....Andere Spezialkliniken",53212984,56427871,56377039,62133409,64182854,69274685,84484615,85813849,95174401,83705025,85711988,97451034,108040768,115642780,128581930
"< Beiträge und Subventionen","Spitäler - Total",4324055949,3874304596,2940747139,2776779159,2359060921,2353082920,2357793639,2557918315,2569888563,2465411699,2877366471,3122529097,2624838868,2680062646,2876321992
"< Beiträge und Subventionen","<< Allgemeine Krankenhäuser",3889427696,3463177758,2614279044,2445994239,2093101691,2061164065,2087228652,2234264787,2261854650,2154582067,2502397514,2668578772,2239479945,2281094974,2412347153
"< Beiträge und Subventionen","....Zentrumsversorgung",3132709483,2810449987,2369911473,2274687504,1959838907,1940066726,2000319818,2157922732,2175815553,2065042724,2338841468,2461204036,2107728975,2148730565,2255800220
"< Beiträge und Subventionen","....Grundversorgung",756718213,652727771,244367571,171306735,133262784,121097339,86908834,76342055,86039097,89539343,163556046,207374736,131750970,132364409,156546933
"< Beiträge und Subventionen","<< Spezialkliniken",434628253,411126838,326468095,330784920,265959230,291918855,270564987,323653528,308033913,310829632,374968957,453950325,385358923,398967672,463974839
"< Beiträge und Subventionen","....Psychiatrische Kliniken",283736860,272710184,207688278,213454982,159060075,189626326,180200394,218389155,218582029,207909902,233187919,262992677,252826412,266486331,285548171
"< Beiträge und Subventionen","....Rehabilitationskliniken",26725453,33144187,9603054,9473281,18667134,6686739,5523686,7130310,7032122,7937567,13017429,34688711,13998022,13734911,13753643
"< Beiträge und Subventionen","....Andere Spezialkliniken",124165940,105272467,109176763,107856657,88232021,95605790,84840907,98134063,82419762,94982163,128763609,156268937,118534489,118746430,164673025
".. Beiträge von Gemeinden","Spitäler - Total",94877473,93295583,8694503,4234879,4446116,4344582,15498745,5154677,21566740,20764574,22645846,12360904,11291735,36079734,49019630
".. Beiträge von Gemeinden","<< Allgemeine Krankenhäuser",73547254,74260427,8152933,3874079,4069623,3813385,12010341,4270674,6217751,19097314,21477243,11780773,10032448,34369702,46823195
".. Beiträge von Gemeinden","....Zentrumsversorgung",36329290,37949019,5899296,1191218,1517826,2120070,9375350,1975678,1939193,2001617,11923008,5000197,2422635,20797632,23756881
".. Beiträge von Gemeinden","....Grundversorgung",37217964,36311408,2253637,2682861,2551797,1693315,2634991,2294996,4278558,17095697,9554235,6780576,7609813,13572070,23066314
".. Beiträge von Gemeinden","<< Spezialkliniken",21330219,19035156,541570,360800,376493,531197,3488404,884003,15348989,1667260,1168603,580131,1259287,1710032,2196435
".. Beiträge von Gemeinden","....Psychiatrische Kliniken",6736365,5030096,189277,53360,52753,105215,3186970,411946,14863305,226685,236652,226485,815505,787119,188921
".. Beiträge von Gemeinden","....Rehabilitationskliniken",1443515,1763581,33710,30000,0,0,3157,0,9551,1109494,589094,0,0,495203,38558
".. Beiträge von Gemeinden","....Andere Spezialkliniken",13150339,12241479,318583,277440,323740,425982,298277,472057,476133,331081,342857,353646,443782,427710,1968956
".. Beiträge von Kantonen","Spitäler - Total",4042231302,3692117155,2850756554,2664661155,2260716839,2239435429,2250468615,2433967305,2419614631,2326441048,2679757204,2936953003,2462346031,2471574836,2643009640
".. Beiträge von Kantonen","<< Allgemeine Krankenhäuser",3649898064,3318610816,2539867376,2371933477,2023555704,1977839166,2000163364,2142463436,2154545046,2034876509,2347570749,2526093779,2110833746,2113550879,2223218201
".. Beiträge von Kantonen","....Zentrumsversorgung",2949087284,2721344997,2300741496,2211333888,1902381086,1867700255,1922641827,2073366680,2078157404,1970566833,2197797821,2333532459,1993148640,2002382523,2096513682
".. Beiträge von Kantonen","....Grundversorgung",700810780,597265819,239125880,160599589,121174618,110138911,77521537,69096756,76387642,64309676,149772928,192561320,117685106,111168356,126704519
".. Beiträge von Kantonen","<< Spezialkliniken",392333238,373506339,310889178,292727678,237161135,261596263,250305251,291503869,265069585,291564539,332186455,410859224,351512285,358023957,419791439
".. Beiträge von Kantonen","....Psychiatrische Kliniken",276064224,266823719,206583549,212032377,157085445,187433892,174760078,215716809,202087412,205571071,230303351,260912102,249551096,261024733,281229984
".. Beiträge von Kantonen","....Rehabilitationskliniken",25206443,30639018,8945707,9147829,17596690,4845056,5240922,4853452,5133379,4945671,9632448,26184308,10225394,8248798,10661362
".. Beiträge von Kantonen","....Andere Spezialkliniken",91062571,76043602,95359922,71547472,62479000,69317315,70304251,70933608,57848794,81047797,92250656,123762814,91735795,88750426,127900093
".. Beiträge vom Bund","Spitäler - Total",99468236,2332362,1352543,978058,1355679,1686168,2771510,2382069,3003343,3412186,3089472,6530093,4006306,2892482,2997386
".. Beiträge vom Bund","<< Allgemeine Krankenhäuser",98635451,1681331,628654,332814,585365,607641,1588376,1251077,1870900,2105120,1412805,1752106,2884807,1746416,2072619
".. Beiträge vom Bund","....Zentrumsversorgung",98451174,1600216,523487,258887,445105,372027,1455018,1126410,1675500,1299194,1317173,1684027,2751209,1634086,1932801
".. Beiträge vom Bund","....Grundversorgung",184277,81115,105167,73927,140260,235614,133358,124667,195400,805926,95632,68079,133598,112330,139818
".. Beiträge vom Bund","<< Spezialkliniken",832785,651031,723889,645244,770314,1078527,1183134,1130992,1132443,1307066,1676667,4777987,1121499,1146066,924767
".. Beiträge vom Bund","....Psychiatrische Kliniken",762290,650379,673189,605244,769441,894522,1181839,1047816,967967,937126,709426,723244,778325,839809,818985
".. Beiträge vom Bund","....Rehabilitationskliniken",70495,652,716,40000,873,1245,1295,1466,61089,244922,0,713206,42949,1192,103650
".. Beiträge vom Bund","....Andere Spezialkliniken",0,0,49984,0,0,182760,0,81710,103387,125018,967241,3341537,300225,305065,2132
".. Beiträge von Korporationen, Stiftungen und Privaten","Spitäler - Total",87478938,86559496,79943539,106905067,92542287,107616741,89054769,116414264,125703849,114793891,171873949,166685097,147194796,169515594,181295336
".. Beiträge von Korporationen, Stiftungen und Privaten","<< Allgemeine Krankenhäuser",67346927,68625184,65630081,69853869,64890999,78903873,73466571,86279600,99220953,98503124,131936717,128952114,115728944,131427977,140233138
".. Beiträge von Korporationen, Stiftungen und Privaten","....Zentrumsversorgung",48841735,49555755,62747194,61903511,55494890,69874374,66847623,81453964,94043456,91175080,127803466,120987353,109406491,123916324,133596856
".. Beiträge von Korporationen, Stiftungen und Privaten","....Grundversorgung",18505192,19069429,2882887,7950358,9396109,9029499,6618948,4825636,5177497,7328044,4133251,7964761,6322453,7511653,6636282
".. Beiträge von Korporationen, Stiftungen und Privaten","<< Spezialkliniken",20132011,17934312,14313458,37051198,27651288,28712868,15588198,30134664,26482896,16290767,39937232,37732983,31465852,38087617,41062198
".. Beiträge von Korporationen, Stiftungen und Privaten","....Psychiatrische Kliniken",173981,205990,242263,764001,1152436,1192697,1071507,1212584,663345,1175020,1938490,1130846,1681486,3834670,3310281
".. Beiträge von Korporationen, Stiftungen und Privaten","....Rehabilitationskliniken",5000,740936,622921,255452,1069571,1840438,278312,2275392,1828103,1637480,2795887,7791197,3729679,4989718,2950073
".. Beiträge von Korporationen, Stiftungen und Privaten","....Andere Spezialkliniken",19953030,16987386,13448274,36031745,25429281,25679733,14238379,26646688,23991448,13478267,35202855,28810940,26054687,29263229,34801844
"< Steuern, ausserordentlicher und betriebsfremder Ertrag","Spitäler - Total",310194333,362226575,248669622,244779920,264625611,293449395,334388589,382859291,417246074,318999118,296883574,261806982,158794366,190699359,146505705
"< Steuern, ausserordentlicher und betriebsfremder Ertrag","<< Allgemeine Krankenhäuser",281813931,298809402,201080725,172127267,207916120,223685726,265315578,278783560,261309312,243672982,222283011,181136646,113183295,145340980,102501871
"< Steuern, ausserordentlicher und betriebsfremder Ertrag","....Zentrumsversorgung",206368695,211219572,126194140,107265876,135005163,153212423,208212076,229826944,194693424,194831647,152407188,140078015,76287986,99113219,70943161
"< Steuern, ausserordentlicher und betriebsfremder Ertrag","....Grundversorgung",75445236,87589830,74886585,64861391,72910957,70473303,57103502,48956616,66615888,48841335,69875823,41058631,36895309,46227761,31558710
"< Steuern, ausserordentlicher und betriebsfremder Ertrag","<< Spezialkliniken",28380402,63417173,47588897,72652653,56709491,69763669,69073011,104075731,155936762,75326136,74600563,80670336,45611071,45358379,44003834
"< Steuern, ausserordentlicher und betriebsfremder Ertrag","....Psychiatrische Kliniken",4867456,11908534,13127872,12357665,9180823,27162260,18291609,21301402,26820286,14738153,24981646,15136605,9303961,9389591,17142368
"< Steuern, ausserordentlicher und betriebsfremder Ertrag","....Rehabilitationskliniken",9779809,10303040,13308930,10810716,19597598,19524213,15879706,25000417,88570714,13240443,18916802,28901257,11782432,23627236,19213783
"< Steuern, ausserordentlicher und betriebsfremder Ertrag","....Andere Spezialkliniken",13733137,41205599,21152095,49484272,27931070,23077196,34901696,57773912,40545762,47347540,30702115,36632474,24524678,12341552,7647683
